{
  "suite": "race_capability_test",
  "timestamp": "20260420_004535",
  "quick": false,
  "results": [
    {
      "config": {
        "name": "baseline_robust",
        "description": "Nominal noise with mild mismatch and one tyre change",
        "n_laps": 10,
        "steps_per_lap": 350,
        "dt": 0.05,
        "mismatch_scale": 1.0,
        "base_noise_scale": 1.0,
        "shock_noise_lap": null,
        "shock_noise_scale": 1.0,
        "tyre_change_laps": [
          5
        ]
      },
      "summary": {
        "scenario": "baseline_robust",
        "description": "Nominal noise with mild mismatch and one tyre change",
        "completion_rate": 0.0,
        "mean_avg_vx_true": 8.197909604146224,
        "mean_p05_vx_true": 1.9179944741695891,
        "mean_rmse_vx": 29.2571311473048,
        "mean_rmse_vy": 25.646424638749615,
        "mean_rmse_r": 3.0152589807539742,
        "mean_mass_rmse": 0.17925471537881263,
        "mean_model_error_rms": 0.018598236223697058,
        "mean_abs_lat_a2_err": 0.001870986270768693,
        "mean_abs_lon_a2_err": 0.011485481578896329
      },
      "metrics": {
        "lap": [
          1,
          2,
          3,
          4,
          5,
          6,
          7,
          8,
          9,
          10
        ],
        "noise_scale": [
          1.0,
          1.0,
          1.0,
          1.0,
          1.0,
          1.0,
          1.0,
          1.0,
          1.0,
          1.0
        ],
        "tyre_health": [
          0.994972415717293,
          0.9899465433666768,
          0.9849117314723023,
          0.9798816075315364,
          0.9949724629356347,
          0.9899462509749034,
          0.9849190233696723,
          0.9798912146268562,
          0.9748642140126467,
          0.9698289983403396
        ],
        "avg_vx_true": [
          34.4687571129025,
          11.290289105653816,
          3.9289891852070027,
          3.722734061524249,
          4.5739653773741535,
          5.418855521906176,
          3.9002497481767326,
          4.715421578644658,
          4.9283120775264075,
          5.031522272546536
        ],
        "p05_vx_true": [
          19.17994474169589,
          0.0,
          0.0,
          0.0,
          0.0,
          0.0,
          0.0,
          0.0,
          0.0,
          0.0
        ],
        "rmse_vx": [
          10.405733528471846,
          26.6356824866992,
          22.817145504456924,
          32.01207641006444,
          43.32630332109527,
          30.57539781302604,
          28.216386169601993,
          28.05931536789933,
          34.608504840128276,
          35.91476603160468
        ],
        "rmse_vy": [
          5.375464539749486,
          21.95135368225906,
          23.02194902683752,
          27.895591776158106,
          29.025496727158966,
          30.32804889855357,
          29.811280808706986,
          30.573877653049223,
          29.883265307911113,
          28.597917967112142
        ],
        "rmse_r": [
          0.679294435647755,
          3.649287142826545,
          3.544420854476777,
          3.468672454673666,
          3.6242428990576,
          3.1552969567115263,
          3.0090656814309735,
          2.838074995464321,
          3.086912998050147,
          3.097321389200434
        ],
        "mass_rmse": [
          0.22716168429074593,
          0.12708264627912277,
          0.21541855258873743,
          0.31212743902070067,
          0.20383969241486552,
          0.18368153921139183,
          0.11007912447427837,
          0.19995546822812751,
          0.09517069123862609,
          0.11803031604153037
        ],
        "model_error_rms": [
          0.01857922337886919,
          0.016405741739740663,
          0.016773991337064698,
          0.013371046296322442,
          0.014471885113188719,
          0.018849709798147554,
          0.016513651354683356,
          0.024551110914066043,
          0.02023356166000075,
          0.026232440644887167
        ],
        "lat_a2_true": [
          1.9863005827038438,
          1.9841019143266199,
          1.9818993351671879,
          1.9796988068468209,
          1.986300603360452,
          1.984101786413991,
          1.9819025251535303,
          1.9797030096628105,
          1.9775038477041122,
          1.9753010919039482
        ],
        "lat_a2_est": [
          1.985365424774751,
          1.983147381545509,
          1.9809253108214229,
          1.97803058041183,
          1.9841909387684533,
          1.982665164806109,
          1.9806968540362977,
          1.975591065091826,
          1.97412224416048,
          1.9733686761189506
        ],
        "lon_a2_true": [
          2.0452353246598545,
          2.0429714204595197,
          2.0407034894416984,
          2.0384376701125806,
          2.0452353459293566,
          2.0429712887516454,
          2.040706774076869,
          2.0384419976286674,
          2.0361775852019965,
          2.033909472302406
        ],
        "lon_a2_est": [
          2.053547758868858,
          2.0481689384523007,
          2.046271095691731,
          2.0481454554961998,
          2.0652374299322247,
          2.0577528888399526,
          2.0495988549109945,
          2.0494825166190753,
          2.051083267193063,
          2.050356978349158
        ],
        "lap_progress_m": [
          603.2032494757937,
          197.58005934894172,
          68.75731074112255,
          65.14784607667436,
          80.04439410404767,
          94.82997163335811,
          68.25437059309283,
          82.51987762628156,
          86.24546135671216,
          88.05163976956445
        ],
        "lap_complete": [
          false,
          false,
          false,
          false,
          false,
          false,
          false,
          false,
          false,
          false
        ],
        "event": [
          "",
          "",
          "",
          "",
          "tyre_change",
          "",
          "",
          "",
          "",
          ""
        ]
      }
    },
    {
      "config": {
        "name": "sensor_shock",
        "description": "Temporary high sensor noise shock, then recovery",
        "n_laps": 10,
        "steps_per_lap": 350,
        "dt": 0.05,
        "mismatch_scale": 1.0,
        "base_noise_scale": 1.0,
        "shock_noise_lap": 5,
        "shock_noise_scale": 2.8,
        "tyre_change_laps": [
          6
        ]
      },
      "summary": {
        "scenario": "sensor_shock",
        "description": "Temporary high sensor noise shock, then recovery",
        "completion_rate": 0.0,
        "mean_avg_vx_true": 8.198467561966597,
        "mean_p05_vx_true": 1.9179944741695891,
        "mean_rmse_vx": 48.371311771869706,
        "mean_rmse_vy": 35.917597232274396,
        "mean_rmse_r": 3.619683523639609,
        "mean_mass_rmse": 0.214142003876835,
        "mean_model_error_rms": 0.018472595180427712,
        "mean_abs_lat_a2_err": 0.0015863932177859307,
        "mean_abs_lon_a2_err": 0.011810104319744186
      },
      "metrics": {
        "lap": [
          1,
          2,
          3,
          4,
          5,
          6,
          7,
          8,
          9,
          10
        ],
        "noise_scale": [
          1.0,
          1.0,
          1.0,
          1.0,
          2.8,
          1.0,
          1.0,
          1.0,
          1.0,
          1.0
        ],
        "tyre_health": [
          0.994972415717293,
          0.9899465433666768,
          0.9849117314723023,
          0.9798816075315364,
          0.9748540704671711,
          0.9949737880392687,
          0.9899465604340376,
          0.9849187516912216,
          0.979891751077012,
          0.974856535404705
        ],